Year of Birth,Gender,Ethnicity,Child's First Name
2021,FEMALE,ASIAN AND PACIFIC ISLANDER,Chloe
2021,FEMALE,ASIAN AND PACIFIC ISLANDER,Olivia
2021,FEMALE,ASIAN AND PACIFIC ISLANDER,Emma
2021,FEMALE,ASIAN AND PACIFIC ISLANDER,Mia
2021,FEMALE,ASIAN AND PACIFIC ISLANDER,Ava
2021,FEMALE,ASIAN AND PACIFIC ISLANDER,Amelia
2021,FEMALE,ASIAN AND PACIFIC ISLANDER,Evelyn
2021,FEMALE,ASIAN AND PACIFIC ISLANDER,Sophia
2021,FEMALE,ASIAN AND PACIFIC ISLANDER,Aria
2021,FEMALE,ASIAN AND PACIFIC ISLANDER,Emily
2021,FEMALE,ASIAN AND PACIFIC ISLANDER,Charlotte
2021,FEMALE,ASIAN AND PACIFIC ISLANDER,Hannah
2021,FEMALE,ASIAN AND PACIFIC ISLANDER,Zoey
2021,FEMALE,ASIAN AND PACIFIC ISLANDER,Ella
2021,FEMALE,ASIAN AND PACIFIC ISLANDER,Bella
2021,FEMALE,ASIAN AND PACIFIC ISLANDER,Luna
2021,FEMALE,ASIAN AND PACIFIC ISLANDER,Audrey
2021,FEMALE,ASIAN AND PACIFIC ISLANDER,Maya
2021,FEMALE,ASIAN AND PACIFIC ISLANDER,Iris
2021,FEMALE,ASIAN AND PACIFIC ISLANDER,Maryam
2021,FEMALE,ASIAN AND PACIFIC ISLANDER,Ayesha
2021,FEMALE,ASIAN AND PACIFIC ISLANDER,Grace
2021,FEMALE,ASIAN AND PACIFIC ISLANDER,Hailey
2021,FEMALE,ASIAN AND PACIFIC ISLANDER,Zoe
2021,FEMALE,ASIAN AND PACIFIC ISLANDER,Arya
2021,FEMALE,ASIAN AND PACIFIC ISLANDER,Ellie
2021,FEMALE,ASIAN AND PACIFIC ISLANDER,Tenzin
2021,FEMALE,ASIAN AND PACIFIC ISLANDER,Isabella
2021,FEMALE,ASIAN AND PACIFIC ISLANDER,Zara
2021,FEMALE,ASIAN AND PACIFIC ISLANDER,Mirha
2021,FEMALE,ASIAN AND PACIFIC ISLANDER,Alina
2021,FEMALE,ASIAN AND PACIFIC ISLANDER,Leah
2021,FEMALE,ASIAN AND PACIFIC ISLANDER,Sarah
2021,FEMALE,ASIAN AND PACIFIC ISLANDER,Zainab
2021,FEMALE,ASIAN AND PACIFIC ISLANDER,Nora
2021,FEMALE,ASIAN AND PACIFIC ISLANDER,Harper
2021,FEMALE,ASIAN AND PACIFIC ISLANDER,Anaya
2021,FEMALE,ASIAN AND PACIFIC ISLANDER,Mila
2021,FEMALE,ASIAN AND PACIFIC ISLANDER,Lily
2021,FEMALE,ASIAN AND PACIFIC ISLANDER,Kaia
2021,FEMALE,ASIAN AND PACIFIC ISLANDER,Eleanor
2021,FEMALE,ASIAN AND PACIFIC ISLANDER,Inaya
2021,FEMALE,ASIAN AND PACIFIC ISLANDER,Abigail
2021,FEMALE,ASIAN AND PACIFIC ISLANDER,Gianna
2021,FEMALE,ASIAN AND PACIFIC ISLANDER,Celine
2021,FEMALE,ASIAN AND PACIFIC ISLANDER,Sofia
2021,FEMALE,ASIAN AND PACIFIC ISLANDER,Anna
2021,FEMALE,ASIAN AND PACIFIC ISLANDER,Riley
2021,FEMALE,ASIAN AND PACIFIC ISLANDER,Aurora
2021,FEMALE,ASIAN AND PACIFIC ISLANDER,Fatima
2021,FEMALE,ASIAN AND PACIFIC ISLANDER,Madison
2021,FEMALE,ASIAN AND PACIFIC ISLANDER,Ayat
2021,FEMALE,ASIAN AND PACIFIC ISLANDER,Jannat
2021,FEMALE,ASIAN AND PACIFIC ISLANDER,Amira
2021,FEMALE,ASIAN AND PACIFIC ISLANDER,Aisha
2021,FEMALE,ASIAN AND PACIFIC ISLANDER,Elena
2021,FEMALE,ASIAN AND PACIFIC ISLANDER,Eva
2021,FEMALE,ASIAN AND PACIFIC ISLANDER,Scarlett
2021,FEMALE,ASIAN AND PACIFIC ISLANDER,Avery
2021,FEMALE,ASIAN AND PACIFIC ISLANDER,Penelope
2021,FEMALE,ASIAN AND PACIFIC ISLANDER,Emilia
2021,FEMALE,ASIAN AND PACIFIC ISLANDER,Anya
2021,FEMALE,ASIAN AND PACIFIC ISLANDER,Hazel
2021,FEMALE,ASIAN AND PACIFIC ISLANDER,Phoebe
2021,FEMALE,ASIAN AND PACIFIC ISLANDER,Inaaya
2021,FEMALE,ASIAN AND PACIFIC ISLANDER,Sophie
2021,FEMALE,ASIAN AND PACIFIC ISLANDER,Aleena
2021,FEMALE,ASIAN AND PACIFIC ISLANDER,Claire
2021,FEMALE,ASIAN AND PACIFIC ISLANDER,Annie
2021,FEMALE,ASIAN AND PACIFIC ISLANDER,Serena
2021,FEMALE,ASIAN AND PACIFIC ISLANDER,Kayla
2021,FEMALE,ASIAN AND PACIFIC ISLANDER,Skylar
2021,FEMALE,ASIAN AND PACIFIC ISLANDER,Ariana
2021,FEMALE,ASIAN AND PACIFIC ISLANDER,Mahira
2021,FEMALE,ASIAN AND PACIFIC ISLANDER,Stella
2021,FEMALE,ASIAN AND PACIFIC ISLANDER,Alaia
2021,FEMALE,ASIAN AND PACIFIC ISLANDER,Ayla
2021,FEMALE,ASIAN AND PACIFIC ISLANDER,Isla
2021,FEMALE,ASIAN AND PACIFIC ISLANDER,Lydia
2021,FEMALE,ASIAN AND PACIFIC ISLANDER,Amaya
2021,FEMALE,ASIAN AND PACIFIC ISLANDER,Layla
2021,FEMALE,ASIAN AND PACIFIC ISLANDER,Amara
2021,FEMALE,ASIAN AND PACIFIC ISLANDER,Humaira
2021,FEMALE,ASIAN AND PACIFIC ISLANDER,Fatimah
2021,FEMALE,ASIAN AND PACIFIC ISLANDER,Noor
2021,FEMALE,ASIAN AND PACIFIC ISLANDER,Elizabeth
2021,FEMALE,ASIAN AND PACIFIC ISLANDER,Amal
2021,FEMALE,ASIAN AND PACIFIC ISLANDER,Joanna
2021,FEMALE,ASIAN AND PACIFIC ISLANDER,Vera
2021,FEMALE,ASIAN AND PACIFIC ISLANDER,Aliya
2021,FEMALE,ASIAN AND PACIFIC ISLANDER,Camille
2021,FEMALE,ASIAN AND PACIFIC ISLANDER,Nyra
2021,FEMALE,ASIAN AND PACIFIC ISLANDER,Naomi
2021,FEMALE,ASIAN AND PACIFIC ISLANDER,Madeline
2021,FEMALE,ASIAN AND PACIFIC ISLANDER,Zoya
2021,FEMALE,ASIAN AND PACIFIC ISLANDER,Zahra
2021,FEMALE,ASIAN AND PACIFIC ISLANDER,Hania
2021,FEMALE,ASIAN AND PACIFIC ISLANDER,Nina
2021,FEMALE,ASIAN AND PACIFIC ISLANDER,Syeda
2021,FEMALE,ASIAN AND PACIFIC ISLANDER,Lia
2021,FEMALE,ASIAN AND PACIFIC ISLANDER,Alyssa
2021,FEMALE,ASIAN AND PACIFIC ISLANDER,Freya
2021,FEMALE,ASIAN AND PACIFIC ISLANDER,Katherine
2021,FEMALE,ASIAN AND PACIFIC ISLANDER,Arisha
2021,FEMALE,ASIAN AND PACIFIC ISLANDER,Alisha
2021,FEMALE,ASIAN AND PACIFIC ISLANDER,Summer
2021,FEMALE,ASIAN AND PACIFIC ISLANDER,Minha
2021,FEMALE,ASIAN AND PACIFIC ISLANDER,Saanvi
2021,FEMALE,ASIAN AND PACIFIC ISLANDER,Alia
2021,FEMALE,ASIAN AND PACIFIC ISLANDER,Kira
2021,FEMALE,ASIAN AND PACIFIC ISLANDER,Sara
2021,FEMALE,ASIAN AND PACIFIC ISLANDER,Alexandra
2021,FEMALE,ASIAN AND PACIFIC ISLANDER,Dua
2021,FEMALE,ASIAN AND PACIFIC ISLANDER,Norah
2021,FEMALE,ASIAN AND PACIFIC ISLANDER,Angela
2021,FEMALE,ASIAN AND PACIFIC ISLANDER,Fiona
2021,FEMALE,ASIAN AND PACIFIC ISLANDER,Hana
2021,FEMALE,ASIAN AND PACIFIC ISLANDER,Melody
2021,FEMALE,BLACK NON HISPANIC,Ava
2021,FEMALE,BLACK NON HISPANIC,Nova
2021,FEMALE,BLACK NON HISPANIC,Gianna
2021,FEMALE,BLACK NON HISPANIC,Olivia
2021,FEMALE,BLACK NON HISPANIC,Fatoumata
2021,FEMALE,BLACK NON HISPANIC,Aaliyah
2021,FEMALE,BLACK NON HISPANIC,Zuri
2021,FEMALE,BLACK NON HISPANIC,Serenity
2021,FEMALE,BLACK NON HISPANIC,Amelia
2021,FEMALE,BLACK NON HISPANIC,Madison
2021,FEMALE,BLACK NON HISPANIC,Journee
2021,FEMALE,BLACK NON HISPANIC,Skylar
2021,FEMALE,BLACK NON HISPANIC,Aria
2021,FEMALE,BLACK NON HISPANIC,Riley
2021,FEMALE,BLACK NON HISPANIC,Autumn
2021,FEMALE,BLACK NON HISPANIC,Fatima
2021,FEMALE,BLACK NON HISPANIC,Journey
2021,FEMALE,BLACK NON HISPANIC,Mariam
2021,FEMALE,BLACK NON HISPANIC,Savannah
2021,FEMALE,BLACK NON HISPANIC,Aminata
2021,FEMALE,BLACK NON HISPANIC,Brielle
2021,FEMALE,BLACK NON HISPANIC,Reign
2021,FEMALE,BLACK NON HISPANIC,Nevaeh
2021,FEMALE,BLACK NON HISPANIC,Chloe
2021,FEMALE,BLACK NON HISPANIC,Naomi
2021,FEMALE,BLACK NON HISPANIC,Leah
2021,FEMALE,BLACK NON HISPANIC,Nyla
2021,FEMALE,BLACK NON HISPANIC,Layla
2021,FEMALE,BLACK NON HISPANIC,Kehlani
2021,FEMALE,BLACK NON HISPANIC,Miracle
2021,FEMALE,BLACK NON HISPANIC,Leilani
2021,FEMALE,BLACK NON HISPANIC,Khloe
2021,FEMALE,BLACK NON HISPANIC,Jasmine
2021,FEMALE,BLACK NON HISPANIC,Khadija
2021,FEMALE,BLACK NON HISPANIC,Amina
2021,FEMALE,BLACK NON HISPANIC,Summer
2021,FEMALE,BLACK NON HISPANIC,Mia
2021,FEMALE,BLACK NON HISPANIC,Ariah
2021,FEMALE,BLACK NON HISPANIC,Melody
2021,FEMALE,BLACK NON HISPANIC,Amaya
2021,FEMALE,BLACK NON HISPANIC,Faith
2021,FEMALE,BLACK NON HISPANIC,Amira
2021,FEMALE,BLACK NON HISPANIC,Sarai
2021,FEMALE,BLACK NON HISPANIC,Dream
2021,FEMALE,BLACK NON HISPANIC,Abigail
2021,FEMALE,BLACK NON HISPANIC,Milani
2021,FEMALE,BLACK NON HISPANIC,Kaylee
2021,FEMALE,BLACK NON HISPANIC,Aisha
2021,FEMALE,BLACK NON HISPANIC,Gabriella
2021,FEMALE,BLACK NON HISPANIC,Luna
2021,FEMALE,BLACK NON HISPANIC,Saige
2021,FEMALE,BLACK NON HISPANIC,Zoe
2021,FEMALE,BLACK NON HISPANIC,Harmony
2021,FEMALE,BLACK NON HISPANIC,Genesis
2021,FEMALE,BLACK NON HISPANIC,Legacy
2021,FEMALE,BLACK NON HISPANIC,Alani
2021,FEMALE,BLACK NON HISPANIC,Grace
2021,FEMALE,BLACK NON HISPANIC,Londyn
2021,FEMALE,BLACK NON HISPANIC,Isabella
2021,FEMALE,BLACK NON HISPANIC,Aniyah
2021,FEMALE,BLACK NON HISPANIC,Kali
2021,FEMALE,BLACK NON HISPANIC,Bella
2021,FEMALE,BLACK NON HISPANIC,Zhuri
2021,FEMALE,BLACK NON HISPANIC,Arielle
2021,FEMALE,BLACK NON HISPANIC,Makayla
2021,FEMALE,BLACK NON HISPANIC,Jayla
2021,FEMALE,BLACK NON HISPANIC,London
2021,FEMALE,BLACK NON HISPANIC,Hawa
2021,FEMALE,BLACK NON HISPANIC,Aubrey
2021,FEMALE,BLACK NON HISPANIC,Ella
2021,FEMALE,BLACK NON HISPANIC,Gabrielle
2021,FEMALE,BLACK NON HISPANIC,Ariel
2021,FEMALE,BLACK NON HISPANIC,Avery
2021,FEMALE,BLACK NON HISPANIC,Zoey
2021,FEMALE,BLACK NON HISPANIC,Victoria
2021,FEMALE,BLACK NON HISPANIC,Eliana
2021,FEMALE,BLACK NON HISPANIC,Zariah
2021,FEMALE,BLACK NON HISPANIC,Khadijah
2021,FEMALE,BLACK NON HISPANIC,Kylie
2021,FEMALE,BLACK NON HISPANIC,Aurora
2021,FEMALE,BLACK NON HISPANIC,Sevyn
2021,FEMALE,BLACK NON HISPANIC,Kyra
2021,FEMALE,BLACK NON HISPANIC,Arianna
2021,FEMALE,BLACK NON HISPANIC,Maya
2021,FEMALE,BLACK NON HISPANIC,Cali
2021,FEMALE,BLACK NON HISPANIC,Jordyn
2021,FEMALE,BLACK NON HISPANIC,Ariana
2021,FEMALE,BLACK NON HISPANIC,Amiyah
2021,FEMALE,BLACK NON HISPANIC,Rylee
2021,FEMALE,BLACK NON HISPANIC,Zara
2021,FEMALE,BLACK NON HISPANIC,Mariama
2021,FEMALE,BLACK NON HISPANIC,Sariyah
2021,FEMALE,BLACK NON HISPANIC,Trinity
2021,FEMALE,BLACK NON HISPANIC,Dior
2021,FEMALE,BLACK NON HISPANIC,Sophia
2021,FEMALE,BLACK NON HISPANIC,Alyssa
2021,FEMALE,BLACK NON HISPANIC,Kamiyah
2021,FEMALE,BLACK NON HISPANIC,Amora
2021,FEMALE,BLACK NON HISPANIC,Amara
2021,FEMALE,BLACK NON HISPANIC,Lyric
2021,FEMALE,BLACK NON HISPANIC,Peyton
2021,FEMALE,BLACK NON HISPANIC,Lauren
2021,FEMALE,BLACK NON HISPANIC,Shiloh
2021,FEMALE,BLACK NON HISPANIC,Mackenzie
2021,FEMALE,BLACK NON HISPANIC,Alaia
2021,FEMALE,BLACK NON HISPANIC,Elizabeth
2021,FEMALE,BLACK NON HISPANIC,Kaylani
2021,FEMALE,BLACK NON HISPANIC,Kaliyah
2021,FEMALE,BLACK NON HISPANIC,Milan
2021,FEMALE,BLACK NON HISPANIC,Wynter
2021,FEMALE,BLACK NON HISPANIC,Jade
2021,FEMALE,BLACK NON HISPANIC,Paris
2021,FEMALE,BLACK NON HISPANIC,Mariah
2021,FEMALE,BLACK NON HISPANIC,Laila
2021,FEMALE,BLACK NON HISPANIC,Malani
2021,FEMALE,BLACK NON HISPANIC,Mya
2021,FEMALE,BLACK NON HISPANIC,Janiyah
2021,FEMALE,BLACK NON HISPANIC,Kimora
2021,FEMALE,BLACK NON HISPANIC,Arya
2021,FEMALE,BLACK NON HISPANIC,Aliyah
2021,FEMALE,BLACK NON HISPANIC,Aissatou
2021,FEMALE,BLACK NON HISPANIC,Egypt
2021,FEMALE,BLACK NON HISPANIC,Emma
2021,FEMALE,BLACK NON HISPANIC,Kennedy
2021,FEMALE,BLACK NON HISPANIC,Sarah
2021,FEMALE,BLACK NON HISPANIC,Hannah
2021,FEMALE,BLACK NON HISPANIC,Athena
2021,FEMALE,BLACK NON HISPANIC,Destiny
2021,FEMALE,BLACK NON HISPANIC,Mila
2021,FEMALE,BLACK NON HISPANIC,Malia
2021,FEMALE,BLACK NON HISPANIC,India
2021,FEMALE,BLACK NON HISPANIC,Marley
2021,FEMALE,BLACK NON HISPANIC,Tori
2021,FEMALE,BLACK NON HISPANIC,Taylor
2021,FEMALE,BLACK NON HISPANIC,Isabelle
2021,FEMALE,BLACK NON HISPANIC,Aniya
2021,FEMALE,BLACK NON HISPANIC,Amoura
2021,FEMALE,BLACK NON HISPANIC,Paige
2021,FEMALE,BLACK NON HISPANIC,Oumou
2021,FEMALE,BLACK NON HISPANIC,Skye
2021,FEMALE,BLACK NON HISPANIC,Esther
2021,FEMALE,BLACK NON HISPANIC,Nylah
2021,FEMALE,BLACK NON HISPANIC,Imani
2021,FEMALE,BLACK NON HISPANIC,Nia
2021,FEMALE,BLACK NON HISPANIC,Kayla
2021,FEMALE,BLACK NON HISPANIC,Emily
2021,FEMALE,HISPANIC,Isabella
2021,FEMALE,HISPANIC,Luna
2021,FEMALE,HISPANIC,Emma
2021,FEMALE,HISPANIC,Mia
2021,FEMALE,HISPANIC,Camila
2021,FEMALE,HISPANIC,Sophia
2021,FEMALE,HISPANIC,Sofia
2021,FEMALE,HISPANIC,Gianna
2021,FEMALE,HISPANIC,Valentina
2021,FEMALE,HISPANIC,Alaia
2021,FEMALE,HISPANIC,Ava
2021,FEMALE,HISPANIC,Olivia
2021,FEMALE,HISPANIC,Amelia
2021,FEMALE,HISPANIC,Scarlett
2021,FEMALE,HISPANIC,Emily
2021,FEMALE,HISPANIC,Leah
2021,FEMALE,HISPANIC,Zoe
2021,FEMALE,HISPANIC,Victoria
2021,FEMALE,HISPANIC,Hailey
2021,FEMALE,HISPANIC,Abigail
2021,FEMALE,HISPANIC,Chloe
2021,FEMALE,HISPANIC,Genesis
2021,FEMALE,HISPANIC,Amy
2021,FEMALE,HISPANIC,Samantha
2021,FEMALE,HISPANIC,Layla
2021,FEMALE,HISPANIC,Mila
2021,FEMALE,HISPANIC,Penelope
2021,FEMALE,HISPANIC,Aaliyah
2021,FEMALE,HISPANIC,Elena
2021,FEMALE,HISPANIC,Grace
2021,FEMALE,HISPANIC,Emilia
2021,FEMALE,HISPANIC,Ella
2021,FEMALE,HISPANIC,Madison
2021,FEMALE,HISPANIC,Daniela
2021,FEMALE,HISPANIC,Alice
2021,FEMALE,HISPANIC,Violet
2021,FEMALE,HISPANIC,Leilani
2021,FEMALE,HISPANIC,Melanie
2021,FEMALE,HISPANIC,Ashley
2021,FEMALE,HISPANIC,Charlotte
2021,FEMALE,HISPANIC,Allison
2021,FEMALE,HISPANIC,Kylie
2021,FEMALE,HISPANIC,Hannah
2021,FEMALE,HISPANIC,Kaylee
2021,FEMALE,HISPANIC,Ariana
2021,FEMALE,HISPANIC,Elizabeth
2021,FEMALE,HISPANIC,Maria
2021,FEMALE,HISPANIC,Andrea
2021,FEMALE,HISPANIC,Amalia
2021,FEMALE,HISPANIC,Amaya
2021,FEMALE,HISPANIC,Valeria
2021,FEMALE,HISPANIC,Emely
2021,FEMALE,HISPANIC,Alina
2021,FEMALE,HISPANIC,Valerie
2021,FEMALE,HISPANIC,Sarah
2021,FEMALE,HISPANIC,Bella
2021,FEMALE,HISPANIC,Danna
2021,FEMALE,HISPANIC,Eliana
2021,FEMALE,HISPANIC,Avery
2021,FEMALE,HISPANIC,Jade
2021,FEMALE,HISPANIC,Maya
2021,FEMALE,HISPANIC,Riley
2021,FEMALE,HISPANIC,Kimberly
2021,FEMALE,HISPANIC,Amaia
2021,FEMALE,HISPANIC,Aria
2021,FEMALE,HISPANIC,Brianna
2021,FEMALE,HISPANIC,Eva
2021,FEMALE,HISPANIC,Nova
2021,FEMALE,HISPANIC,Delilah
2021,FEMALE,HISPANIC,Athena
2021,FEMALE,HISPANIC,Savannah
2021,FEMALE,HISPANIC,Sarai
2021,FEMALE,HISPANIC,Gabriella
2021,FEMALE,HISPANIC,Melody
2021,FEMALE,HISPANIC,Skylar
2021,FEMALE,HISPANIC,Naomi
2021,FEMALE,HISPANIC,Hazel
2021,FEMALE,HISPANIC,Zoey
2021,FEMALE,HISPANIC,Kiara
2021,FEMALE,HISPANIC,Jazlyn
2021,FEMALE,HISPANIC,Juliette
2021,FEMALE,HISPANIC,Natalia
2021,FEMALE,HISPANIC,Kaylani
2021,FEMALE,HISPANIC,Arya
2021,FEMALE,HISPANIC,Khloe
2021,FEMALE,HISPANIC,Lucia
2021,FEMALE,HISPANIC,Diana
2021,FEMALE,HISPANIC,Aurora
2021,FEMALE,HISPANIC,Ariella
2021,FEMALE,HISPANIC,Catalina
2021,FEMALE,HISPANIC,Evelyn
2021,FEMALE,HISPANIC,Alma
2021,FEMALE,HISPANIC,Serenity
2021,FEMALE,HISPANIC,Ana
2021,FEMALE,HISPANIC,Samara
2021,FEMALE,HISPANIC,Esther
2021,FEMALE,HISPANIC,Gabriela
2021,FEMALE,HISPANIC,Gia
2021,FEMALE,HISPANIC,Aylin
2021,FEMALE,HISPANIC,Leila
2021,FEMALE,HISPANIC,Isabelle
2021,FEMALE,HISPANIC,Melissa
2021,FEMALE,HISPANIC,Antonella
2021,FEMALE,HISPANIC,April
2021,FEMALE,HISPANIC,Autumn
2021,FEMALE,HISPANIC,Alaya
2021,FEMALE,HISPANIC,Rose
2021,FEMALE,HISPANIC,Sienna
2021,FEMALE,HISPANIC,Alani
2021,FEMALE,HISPANIC,Ximena
2021,FEMALE,HISPANIC,Lia
2021,FEMALE,HISPANIC,Natalie
2021,FEMALE,HISPANIC,Celine
2021,FEMALE,HISPANIC,Ayla
2021,FEMALE,HISPANIC,Cataleya
2021,FEMALE,HISPANIC,Aitana
2021,FEMALE,HISPANIC,Daphne
2021,FEMALE,HISPANIC,Kehlani
2021,FEMALE,HISPANIC,Arianna
2021,FEMALE,HISPANIC,Michelle
2021,FEMALE,HISPANIC,Rylee
2021,FEMALE,HISPANIC,Isabel
2021,FEMALE,HISPANIC,Vanessa
2021,FEMALE,HISPANIC,Ruby
2021,FEMALE,HISPANIC,Stella
2021,FEMALE,HISPANIC,Alana
2021,FEMALE,HISPANIC,Nevaeh
2021,FEMALE,HISPANIC,Sara
2021,FEMALE,HISPANIC,Adelyn
2021,FEMALE,HISPANIC,Isla
2021,FEMALE,HISPANIC,Maia
2021,FEMALE,HISPANIC,Jayleen
2021,FEMALE,HISPANIC,Jazmin
2021,FEMALE,HISPANIC,Kayla
2021,FEMALE,HISPANIC,Amanda
2021,FEMALE,HISPANIC,Kailani
2021,FEMALE,HISPANIC,Audrey
2021,FEMALE,HISPANIC,Alyssa
2021,FEMALE,HISPANIC,Brielle
2021,FEMALE,HISPANIC,Everly
2021,FEMALE,HISPANIC,London
2021,FEMALE,HISPANIC,Selena
2021,FEMALE,HISPANIC,Sophie
2021,FEMALE,HISPANIC,Adriana
2021,FEMALE,HISPANIC,Leia
2021,FEMALE,HISPANIC,Eileen
2021,FEMALE,HISPANIC,Liana
2021,FEMALE,HISPANIC,Lily
2021,FEMALE,HISPANIC,Aubrey
2021,FEMALE,HISPANIC,Liliana
2021,FEMALE,HISPANIC,Itzel
2021,FEMALE,HISPANIC,Milan
2021,FEMALE,HISPANIC,Juliana
2021,FEMALE,HISPANIC,Skyla
2021,FEMALE,HISPANIC,Juliet
2021,FEMALE,HISPANIC,Angelina
2021,FEMALE,HISPANIC,Evangeline
2021,FEMALE,HISPANIC,Amira
2021,FEMALE,HISPANIC,Skye
2021,FEMALE,HISPANIC,Milani
2021,FEMALE,HISPANIC,Alexandra
2021,FEMALE,HISPANIC,Arlet
2021,FEMALE,HISPANIC,Angela
2021,FEMALE,HISPANIC,Destiny
2021,FEMALE,HISPANIC,Julia
2021,FEMALE,HISPANIC,Jaylani
2021,FEMALE,HISPANIC,Kamila
2021,FEMALE,HISPANIC,Karla
2021,FEMALE,HISPANIC,Laia
2021,FEMALE,HISPANIC,Elisa
2021,FEMALE,HISPANIC,Mariana
2021,FEMALE,HISPANIC,Camille
2021,FEMALE,HISPANIC,Nyla
2021,FEMALE,HISPANIC,Scarlet
2021,FEMALE,HISPANIC,Bianca
2021,FEMALE,HISPANIC,Alexa
2021,FEMALE,HISPANIC,Keyla
2021,FEMALE,HISPANIC,Analia
2021,FEMALE,HISPANIC,Nicole
2021,FEMALE,HISPANIC,Nina
2021,FEMALE,HISPANIC,Megan
2021,FEMALE,HISPANIC,Alia
2021,FEMALE,HISPANIC,Abby
2021,FEMALE,HISPANIC,Angelica
2021,FEMALE,HISPANIC,Ellie
2021,FEMALE,HISPANIC,Stephanie
2021,FEMALE,HISPANIC,Arleth
2021,FEMALE,HISPANIC,Adeline
2021,FEMALE,HISPANIC,Eliza
2021,FEMALE,HISPANIC,Madelyn
2021,FEMALE,HISPANIC,Nayla
2021,FEMALE,HISPANIC,Makayla
2021,FEMALE,HISPANIC,Sarahi
2021,FEMALE,HISPANIC,Keily
2021,FEMALE,HISPANIC,Kaitlyn
2021,FEMALE,HISPANIC,Dayana
2021,FEMALE,HISPANIC,Kelly
2021,FEMALE,HISPANIC,Helen
2021,FEMALE,HISPANIC,Xiomara
2021,FEMALE,HISPANIC,Kaia
2021,FEMALE,HISPANIC,Aileen
2021,FEMALE,HISPANIC,Mya
2021,FEMALE,HISPANIC,Aleah
2021,FEMALE,HISPANIC,Nayeli
2021,FEMALE,HISPANIC,Aliyah
2021,FEMALE,HISPANIC,Rachel
2021,FEMALE,HISPANIC,Hope
2021,FEMALE,HISPANIC,Sage
2021,FEMALE,HISPANIC,Amber
2021,FEMALE,HISPANIC,Jaylin
2021,FEMALE,HISPANIC,Daisy
2021,FEMALE,HISPANIC,Winter
2021,FEMALE,HISPANIC,Jimena
2021,FEMALE,HISPANIC,Valery
2021,FEMALE,HISPANIC,Luciana
2021,FEMALE,HISPANIC,Luz
2021,FEMALE,HISPANIC,Phoenix
2021,FEMALE,HISPANIC,Jasmine
2021,FEMALE,HISPANIC,Jessica
2021,FEMALE,HISPANIC,Alicia
2021,FEMALE,HISPANIC,Ivy
2021,FEMALE,HISPANIC,Joselyn
2021,FEMALE,HISPANIC,Dream
2021,FEMALE,HISPANIC,Elianny
2021,FEMALE,HISPANIC,Faith
2021,FEMALE,HISPANIC,Guadalupe
2021,FEMALE,HISPANIC,Joy
2021,FEMALE,HISPANIC,Peyton
2021,FEMALE,HISPANIC,Alessia
2021,FEMALE,HISPANIC,Alessandra
2021,FEMALE,HISPANIC,Alaina
2021,FEMALE,HISPANIC,Alayna
2021,FEMALE,HISPANIC,Anastasia
2021,FEMALE,HISPANIC,Carolina
2021,FEMALE,HISPANIC,Summer
2021,FEMALE,HISPANIC,Zuri
2021,FEMALE,HISPANIC,Adele
2021,FEMALE,HISPANIC,Noa
2021,FEMALE,HISPANIC,Rosalia
2021,FEMALE,HISPANIC,Myla
2021,FEMALE,HISPANIC,Nashla
2021,FEMALE,HISPANIC,Anna
2021,FEMALE,HISPANIC,Wynter
2021,FEMALE,HISPANIC,Alisson
2021,FEMALE,HISPANIC,Sadie
2021,FEMALE,HISPANIC,Annalise
2021,FEMALE,HISPANIC,Miracle
2021,FEMALE,HISPANIC,Lesly
2021,FEMALE,HISPANIC,Leyla
2021,FEMALE,HISPANIC,Hayley
2021,FEMALE,HISPANIC,Iris
2021,FEMALE,HISPANIC,Gracie
2021,FEMALE,HISPANIC,Jayla
2021,FEMALE,HISPANIC,Jennifer
2021,FEMALE,HISPANIC,Daniella
2021,FEMALE,HISPANIC,Leslie
2021,FEMALE,HISPANIC,Londyn
2021,FEMALE,HISPANIC,Brittany
2021,FEMALE,HISPANIC,Ariel
2021,FEMALE,HISPANIC,Briana
2021,FEMALE,HISPANIC,Celeste
2021,FEMALE,HISPANIC,Madeline
2021,FEMALE,HISPANIC,Chelsea
2021,FEMALE,HISPANIC,Miranda
2021,FEMALE,WHITE NON HISPANIC,Esther
2021,FEMALE,WHITE NON HISPANIC,Leah
2021,FEMALE,WHITE NON HISPANIC,Chaya
2021,FEMALE,WHITE NON HISPANIC,Emma
2021,FEMALE,WHITE NON HISPANIC,Rachel
2021,FEMALE,WHITE NON HISPANIC,Miriam
2021,FEMALE,WHITE NON HISPANIC,Olivia
2021,FEMALE,WHITE NON HISPANIC,Sarah
2021,FEMALE,WHITE NON HISPANIC,Sophia
2021,FEMALE,WHITE NON HISPANIC,Charlotte
2021,FEMALE,WHITE NON HISPANIC,Rivka
2021,FEMALE,WHITE NON HISPANIC,Chana
2021,FEMALE,WHITE NON HISPANIC,Sara
2021,FEMALE,WHITE NON HISPANIC,Sofia
2021,FEMALE,WHITE NON HISPANIC,Mia
2021,FEMALE,WHITE NON HISPANIC,Amelia
2021,FEMALE,WHITE NON HISPANIC,Ava
2021,FEMALE,WHITE NON HISPANIC,Maya
2021,FEMALE,WHITE NON HISPANIC,Ella
2021,FEMALE,WHITE NON HISPANIC,Lily
2021,FEMALE,WHITE NON HISPANIC,Chloe
2021,FEMALE,WHITE NON HISPANIC,Rivky
2021,FEMALE,WHITE NON HISPANIC,Mila
2021,FEMALE,WHITE NON HISPANIC,Emily
2021,FEMALE,WHITE NON HISPANIC,Malky
2021,FEMALE,WHITE NON HISPANIC,Zoe
2021,FEMALE,WHITE NON HISPANIC,Isabella
2021,FEMALE,WHITE NON HISPANIC,Gitty
2021,FEMALE,WHITE NON HISPANIC,Emilia
2021,FEMALE,WHITE NON HISPANIC,Faigy
2021,FEMALE,WHITE NON HISPANIC,Malka
2021,FEMALE,WHITE NON HISPANIC,Sophie
2021,FEMALE,WHITE NON HISPANIC,Stella
2021,FEMALE,WHITE NON HISPANIC,Raizy
2021,FEMALE,WHITE NON HISPANIC,Abigail
2021,FEMALE,WHITE NON HISPANIC,Shaindy
2021,FEMALE,WHITE NON HISPANIC,Grace
2021,FEMALE,WHITE NON HISPANIC,Penelope
2021,FEMALE,WHITE NON HISPANIC,Baila
2021,FEMALE,WHITE NON HISPANIC,Elizabeth
2021,FEMALE,WHITE NON HISPANIC,Eleanor
2021,FEMALE,WHITE NON HISPANIC,Nora
2021,FEMALE,WHITE NON HISPANIC,Layla
2021,FEMALE,WHITE NON HISPANIC,Eva
2021,FEMALE,WHITE NON HISPANIC,Aria
2021,FEMALE,WHITE NON HISPANIC,Rose
2021,FEMALE,WHITE NON HISPANIC,Noa
2021,FEMALE,WHITE NON HISPANIC,Ruby
2021,FEMALE,WHITE NON HISPANIC,Yitty
2021,FEMALE,WHITE NON HISPANIC,Hannah
2021,FEMALE,WHITE NON HISPANIC,Luna
2021,FEMALE,WHITE NON HISPANIC,Eliana
2021,FEMALE,WHITE NON HISPANIC,Devorah
2021,FEMALE,WHITE NON HISPANIC,Dina
2021,FEMALE,WHITE NON HISPANIC,Madison
2021,FEMALE,WHITE NON HISPANIC,Victoria
2021,FEMALE,WHITE NON HISPANIC,Gabriella
2021,FEMALE,WHITE NON HISPANIC,Sienna
2021,FEMALE,WHITE NON HISPANIC,Toby
2021,FEMALE,WHITE NON HISPANIC,Anna
2021,FEMALE,WHITE NON HISPANIC,Alice
2021,FEMALE,WHITE NON HISPANIC,Ayla
2021,FEMALE,WHITE NON HISPANIC,Avery
2021,FEMALE,WHITE NON HISPANIC,Josephine
2021,FEMALE,WHITE NON HISPANIC,Julia
2021,FEMALE,WHITE NON HISPANIC,Chany
2021,FEMALE,WHITE NON HISPANIC,Isla
2021,FEMALE,WHITE NON HISPANIC,Isabelle
2021,FEMALE,WHITE NON HISPANIC,Sury
2021,FEMALE,WHITE NON HISPANIC,Evelyn
2021,FEMALE,WHITE NON HISPANIC,Caroline
2021,FEMALE,WHITE NON HISPANIC,Naomi
2021,FEMALE,WHITE NON HISPANIC,Harper
2021,FEMALE,WHITE NON HISPANIC,Violet
2021,FEMALE,WHITE NON HISPANIC,Hindy
2021,FEMALE,WHITE NON HISPANIC,Lucy
2021,FEMALE,WHITE NON HISPANIC,Scarlett
2021,FEMALE,WHITE NON HISPANIC,Eloise
2021,FEMALE,WHITE NON HISPANIC,Sloane
2021,FEMALE,WHITE NON HISPANIC,Bracha
2021,FEMALE,WHITE NON HISPANIC,Maeve
2021,FEMALE,WHITE NON HISPANIC,Alexandra
2021,FEMALE,WHITE NON HISPANIC,Juliette
2021,FEMALE,WHITE NON HISPANIC,Goldy
2021,FEMALE,WHITE NON HISPANIC,Talia
2021,FEMALE,WHITE NON HISPANIC,Nina
2021,FEMALE,WHITE NON HISPANIC,Claire
2021,FEMALE,WHITE NON HISPANIC,Molly
2021,FEMALE,WHITE NON HISPANIC,Sadie
2021,FEMALE,WHITE NON HISPANIC,Natalie
2021,FEMALE,WHITE NON HISPANIC,Esty
2021,FEMALE,WHITE NON HISPANIC,Gemma
2021,FEMALE,WHITE NON HISPANIC,Clara
2021,FEMALE,WHITE NON HISPANIC,Margot
2021,FEMALE,WHITE NON HISPANIC,Valentina
2021,FEMALE,WHITE NON HISPANIC,Bella
2021,FEMALE,WHITE NON HISPANIC,Chava
2021,FEMALE,WHITE NON HISPANIC,Libby
2021,FEMALE,WHITE NON HISPANIC,Gianna
2021,FEMALE,WHITE NON HISPANIC,Lila
2021,FEMALE,WHITE NON HISPANIC,Pessy
2021,FEMALE,WHITE NON HISPANIC,Amina
2021,FEMALE,WHITE NON HISPANIC,Madeline
2021,FEMALE,WHITE NON HISPANIC,Eliza
2021,FEMALE,WHITE NON HISPANIC,Zoey
2021,FEMALE,WHITE NON HISPANIC,Aisha
2021,FEMALE,WHITE NON HISPANIC,Aurora
2021,FEMALE,WHITE NON HISPANIC,Henny
2021,FEMALE,WHITE NON HISPANIC,Lillian
2021,FEMALE,WHITE NON HISPANIC,Quinn
2021,FEMALE,WHITE NON HISPANIC,Zissy
2021,FEMALE,WHITE NON HISPANIC,Cecilia
2021,FEMALE,WHITE NON HISPANIC,Hailey
2021,FEMALE,WHITE NON HISPANIC,Isabel
2021,FEMALE,WHITE NON HISPANIC,Yocheved
2021,FEMALE,WHITE NON HISPANIC,Riley
2021,FEMALE,WHITE NON HISPANIC,Blima
2021,FEMALE,WHITE NON HISPANIC,Nechama
2021,FEMALE,WHITE NON HISPANIC,Rebecca
2021,FEMALE,WHITE NON HISPANIC,Ruth
2021,FEMALE,WHITE NON HISPANIC,Idy
2021,FEMALE,WHITE NON HISPANIC,Ellie
2021,FEMALE,WHITE NON HISPANIC,Liba
2021,FEMALE,WHITE NON HISPANIC,Adele
2021,FEMALE,WHITE NON HISPANIC,Pearl
2021,FEMALE,WHITE NON HISPANIC,Elle
2021,FEMALE,WHITE NON HISPANIC,Maryam
2021,FEMALE,WHITE NON HISPANIC,Frances
2021,FEMALE,WHITE NON HISPANIC,Summer
2021,FEMALE,WHITE NON HISPANIC,Francesca
2021,FEMALE,WHITE NON HISPANIC,Rochel
2021,FEMALE,WHITE NON HISPANIC,Sydney
2021,FEMALE,WHITE NON HISPANIC,Yael
2021,FEMALE,WHITE NON HISPANIC,Ariana
2021,FEMALE,WHITE NON HISPANIC,Ivy
2021,FEMALE,WHITE NON HISPANIC,Lucia
2021,FEMALE,WHITE NON HISPANIC,Vivian
2021,FEMALE,WHITE NON HISPANIC,Georgia
2021,FEMALE,WHITE NON HISPANIC,Willa
2021,FEMALE,WHITE NON HISPANIC,Yides
2021,FEMALE,WHITE NON HISPANIC,Hadassah
2021,FEMALE,WHITE NON HISPANIC,Alma
2021,FEMALE,WHITE NON HISPANIC,Charlie
2021,FEMALE,WHITE NON HISPANIC,Cora
2021,FEMALE,WHITE NON HISPANIC,Bruchy
2021,FEMALE,WHITE NON HISPANIC,Ariella
2021,FEMALE,WHITE NON HISPANIC,Margaret
2021,FEMALE,WHITE NON HISPANIC,Audrey
2021,FEMALE,WHITE NON HISPANIC,Ruchy
2021,FEMALE,WHITE NON HISPANIC,Yehudis
2021,FEMALE,WHITE NON HISPANIC,Lyla
2021,FEMALE,WHITE NON HISPANIC,Eden
2021,FEMALE,WHITE NON HISPANIC,Faiga
2021,FEMALE,WHITE NON HISPANIC,Juliet
2021,FEMALE,WHITE NON HISPANIC,Maria
2021,FEMALE,WHITE NON HISPANIC,Beatrice
2021,FEMALE,WHITE NON HISPANIC,Kayla
2021,FEMALE,WHITE NON HISPANIC,Olive
2021,FEMALE,WHITE NON HISPANIC,Iris
2021,FEMALE,WHITE NON HISPANIC,Michelle
2021,FEMALE,WHITE NON HISPANIC,Lia
2021,FEMALE,WHITE NON HISPANIC,Etty
2021,FEMALE,WHITE NON HISPANIC,Fiona
2021,FEMALE,WHITE NON HISPANIC,Golda
2021,FEMALE,WHITE NON HISPANIC,Hazel
2021,FEMALE,WHITE NON HISPANIC,Colette
2021,FEMALE,WHITE NON HISPANIC,Daisy
2021,FEMALE,WHITE NON HISPANIC,Vivienne
2021,FEMALE,WHITE NON HISPANIC,Mira
2021,FEMALE,WHITE NON HISPANIC,Shoshana
2021,FEMALE,WHITE NON HISPANIC,Elena
2021,FEMALE,WHITE NON HISPANIC,Amira
2021,FEMALE,WHITE NON HISPANIC,Lina
2021,FEMALE,WHITE NON HISPANIC,Mindy
2021,FEMALE,WHITE NON HISPANIC,Skylar
2021,FEMALE,WHITE NON HISPANIC,Genevieve
2021,FEMALE,WHITE NON HISPANIC,Fraidy
2021,FEMALE,WHITE NON HISPANIC,Lena
2021,FEMALE,WHITE NON HISPANIC,Mackenzie
2021,FEMALE,WHITE NON HISPANIC,Mariam
2021,FEMALE,WHITE NON HISPANIC,Vera
2021,FEMALE,WHITE NON HISPANIC,Angelina
2021,FEMALE,WHITE NON HISPANIC,Poppy
2021,FEMALE,WHITE NON HISPANIC,Daphne
2021,FEMALE,WHITE NON HISPANIC,Savannah
2021,FEMALE,WHITE NON HISPANIC,Batsheva
2021,FEMALE,WHITE NON HISPANIC,Frady
2021,FEMALE,WHITE NON HISPANIC,Nicole
2021,FEMALE,WHITE NON HISPANIC,Liliana
2021,FEMALE,WHITE NON HISPANIC,Remi
2021,FEMALE,WHITE NON HISPANIC,Sima
2021,FEMALE,WHITE NON HISPANIC,Parker
2021,FEMALE,WHITE NON HISPANIC,Tessa
2021,FEMALE,WHITE NON HISPANIC,Willow
2021,FEMALE,WHITE NON HISPANIC,Adina
2021,FEMALE,WHITE NON HISPANIC,Celine
2021,FEMALE,WHITE NON HISPANIC,Eve
2021,FEMALE,WHITE NON HISPANIC,Madeleine
2021,FEMALE,WHITE NON HISPANIC,Blake
2021,FEMALE,WHITE NON HISPANIC,Diana
2021,FEMALE,WHITE NON HISPANIC,Florence
2021,FEMALE,WHITE NON HISPANIC,Hana
2021,FEMALE,WHITE NON HISPANIC,Kaia
2021,FEMALE,WHITE NON HISPANIC,Reese
2021,FEMALE,WHITE NON HISPANIC,Adeline
2021,FEMALE,WHITE NON HISPANIC,Amalia
2021,FEMALE,WHITE NON HISPANIC,Devora
2021,FEMALE,WHITE NON HISPANIC,Frimet
2021,FEMALE,WHITE NON HISPANIC,Fraida
2021,FEMALE,WHITE NON HISPANIC,Gia
2021,FEMALE,WHITE NON HISPANIC,Laila
2021,FEMALE,WHITE NON HISPANIC,Layan
2021,FEMALE,WHITE NON HISPANIC,Nova
2021,FEMALE,WHITE NON HISPANIC,Liv
2021,FEMALE,WHITE NON HISPANIC,Lola
2021,FEMALE,WHITE NON HISPANIC,Noor
2021,FEMALE,WHITE NON HISPANIC,Phoebe
2021,FEMALE,WHITE NON HISPANIC,Serena
2021,FEMALE,WHITE NON HISPANIC,Perl
2021,FEMALE,WHITE NON HISPANIC,Rechel
2021,FEMALE,WHITE NON HISPANIC,Perel
2021,FEMALE,WHITE NON HISPANIC,Shifra
2021,FEMALE,WHITE NON HISPANIC,Shaindel
2021,FEMALE,WHITE NON HISPANIC,Matilda
2021,FEMALE,WHITE NON HISPANIC,Siena
2021,FEMALE,WHITE NON HISPANIC,Dylan
2021,FEMALE,WHITE NON HISPANIC,Emerson
2021,FEMALE,WHITE NON HISPANIC,Brooklyn
2021,FEMALE,WHITE NON HISPANIC,Esme
2021,FEMALE,WHITE NON HISPANIC,Breindy
2021,FEMALE,WHITE NON HISPANIC,Liana
2021,FEMALE,WHITE NON HISPANIC,Ada
2021,FEMALE,WHITE NON HISPANIC,Louise
2021,FEMALE,WHITE NON HISPANIC,Thea
2021,FEMALE,WHITE NON HISPANIC,Tziporah
2021,FEMALE,WHITE NON HISPANIC,Lydia
2021,FEMALE,WHITE NON HISPANIC,Soliha
2021,FEMALE,WHITE NON HISPANIC,Perry
2021,FEMALE,WHITE NON HISPANIC,Rivkah
2021,FEMALE,WHITE NON HISPANIC,Lara
2021,FEMALE,WHITE NON HISPANIC,June
2021,FEMALE,WHITE NON HISPANIC,Jacqueline
2021,FEMALE,WHITE NON HISPANIC,Leila
2021,FEMALE,WHITE NON HISPANIC,Louisa
2021,FEMALE,WHITE NON HISPANIC,Roizy
2021,FEMALE,WHITE NON HISPANIC,Shevy
2021,FEMALE,WHITE NON HISPANIC,Shira
2021,FEMALE,WHITE NON HISPANIC,Tzirel
2021,FEMALE,WHITE NON HISPANIC,Chavy
2021,FEMALE,WHITE NON HISPANIC,Clementine
2021,FEMALE,WHITE NON HISPANIC,Dua
2021,FEMALE,WHITE NON HISPANIC,Alessia
2021,FEMALE,WHITE NON HISPANIC,Blimy
2021,FEMALE,WHITE NON HISPANIC,Safiya
2021,FEMALE,WHITE NON HISPANIC,Adriana
2021,FEMALE,WHITE NON HISPANIC,Sasha
2021,FEMALE,WHITE NON HISPANIC,Brooke
2021,FEMALE,WHITE NON HISPANIC,Catherine
2021,FEMALE,WHITE NON HISPANIC,Camille
2021,FEMALE,WHITE NON HISPANIC,Imona
2021,FEMALE,WHITE NON HISPANIC,Milana
2021,FEMALE,WHITE NON HISPANIC,Raizel
2021,FEMALE,WHITE NON HISPANIC,Madelyn
2021,FEMALE,WHITE NON HISPANIC,Lilah
2021,FEMALE,WHITE NON HISPANIC,Fatima
2021,FEMALE,WHITE NON HISPANIC,Gittel
2021,FEMALE,WHITE NON HISPANIC,Jane
2021,FEMALE,WHITE NON HISPANIC,Melanie
2021,FEMALE,WHITE NON HISPANIC,Rory
2021,FEMALE,WHITE NON HISPANIC,Katherine
2021,FEMALE,WHITE NON HISPANIC,Leyla
2021,FEMALE,WHITE NON HISPANIC,Rosie
2021,FEMALE,WHITE NON HISPANIC,Suri
2021,FEMALE,WHITE NON HISPANIC,Delilah
2021,FEMALE,WHITE NON HISPANIC,Keira
2021,FEMALE,WHITE NON HISPANIC,Adelina
2021,FEMALE,WHITE NON HISPANIC,Annie
2021,FEMALE,WHITE NON HISPANIC,Daniella
2021,FEMALE,WHITE NON HISPANIC,Lea
2021,FEMALE,WHITE NON HISPANIC,Sylvie
2021,FEMALE,WHITE NON HISPANIC,Kira
2021,FEMALE,WHITE NON HISPANIC,Valerie
2021,FEMALE,WHITE NON HISPANIC,Tehila
2021,FEMALE,WHITE NON HISPANIC,Tzipora
2021,FEMALE,WHITE NON HISPANIC,Maia
2021,FEMALE,WHITE NON HISPANIC,Hinda
2021,FEMALE,WHITE NON HISPANIC,Harlow
2021,FEMALE,WHITE NON HISPANIC,Juniper
2021,FEMALE,WHITE NON HISPANIC,Mary
2021,FEMALE,WHITE NON HISPANIC,Taylor
2021,FEMALE,WHITE NON HISPANIC,Laura
2021,FEMALE,WHITE NON HISPANIC,Everly
2021,FEMALE,WHITE NON HISPANIC,Michaela
2021,FEMALE,WHITE NON HISPANIC,Freya
2021,FEMALE,WHITE NON HISPANIC,Shukrona
2021,FEMALE,WHITE NON HISPANIC,Frimy
2021,FEMALE,WHITE NON HISPANIC,Simone
2021,FEMALE,WHITE NON HISPANIC,Goldie
2021,FEMALE,WHITE NON HISPANIC,Arielle
2021,FEMALE,WHITE NON HISPANIC,Arya
2021,FEMALE,WHITE NON HISPANIC,Avigail
2021,FEMALE,WHITE NON HISPANIC,Anastasia
2021,FEMALE,WHITE NON HISPANIC,Annabelle
2021,FEMALE,WHITE NON HISPANIC,Bianca
2021,FEMALE,WHITE NON HISPANIC,Camila
2021,FEMALE,WHITE NON HISPANIC,Danielle
2021,FEMALE,WHITE NON HISPANIC,Miri
2021,FEMALE,WHITE NON HISPANIC,Naya
2021,FEMALE,WHITE NON HISPANIC,Addison
2021,FEMALE,WHITE NON HISPANIC,Rosemary
2021,FEMALE,WHITE NON HISPANIC,Adrianna
2021,FEMALE,WHITE NON HISPANIC,Allison
2021,FEMALE,WHITE NON HISPANIC,Zara
2021,FEMALE,WHITE NON HISPANIC,Shea
2021,FEMALE,WHITE NON HISPANIC,Stevie
2021,FEMALE,WHITE NON HISPANIC,Alina
2021,FEMALE,WHITE NON HISPANIC,Yenty
2021,FEMALE,WHITE NON HISPANIC,Aliya
2021,FEMALE,WHITE NON HISPANIC,Edith
2021,FEMALE,WHITE NON HISPANIC,Cameron
2021,FEMALE,WHITE NON HISPANIC,Frieda
2021,FEMALE,WHITE NON HISPANIC,Jana
2021,FEMALE,WHITE NON HISPANIC,Kennedy
2021,FEMALE,WHITE NON HISPANIC,Lielle
2021,FEMALE,WHITE NON HISPANIC,Aliza
2021,FEMALE,WHITE NON HISPANIC,Lilly
2021,FEMALE,WHITE NON HISPANIC,Mae
2021,FEMALE,WHITE NON HISPANIC,Arianna
2021,FEMALE,WHITE NON HISPANIC,Athena
2021,FEMALE,WHITE NON HISPANIC,Millie
2021,FEMALE,WHITE NON HISPANIC,Julianna
2021,FEMALE,WHITE NON HISPANIC,Muslima
2021,FEMALE,WHITE NON HISPANIC,Aurelia
2021,FEMALE,WHITE NON HISPANIC,Nicolette
2021,FEMALE,WHITE NON HISPANIC,Paige
2021,FEMALE,WHITE NON HISPANIC,Nava
2021,FEMALE,WHITE NON HISPANIC,Peyton
2021,FEMALE,WHITE NON HISPANIC,Brielle
2021,FEMALE,WHITE NON HISPANIC,Renee
2021,FEMALE,WHITE NON HISPANIC,Romy
2021,FEMALE,WHITE NON HISPANIC,Adelaide
2021,FEMALE,WHITE NON HISPANIC,Aviva
2021,FEMALE,WHITE NON HISPANIC,Faye
2021,FEMALE,WHITE NON HISPANIC,Freidy
2021,FEMALE,WHITE NON HISPANIC,Blair
2021,FEMALE,WHITE NON HISPANIC,Sylvia
2021,FEMALE,WHITE NON HISPANIC,Celeste
2021,FEMALE,WHITE NON HISPANIC,Demi
2021,FEMALE,WHITE NON HISPANIC,Elisheva
2021,FEMALE,WHITE NON HISPANIC,Billie
2021,FEMALE,WHITE NON HISPANIC,Shay
2021,FEMALE,WHITE NON HISPANIC,Gabriela
2021,FEMALE,WHITE NON HISPANIC,Estelle
2021,FEMALE,WHITE NON HISPANIC,Leora
2021,FEMALE,WHITE NON HISPANIC,Lucille
2021,FEMALE,WHITE NON HISPANIC,Mara
2021,FEMALE,WHITE NON HISPANIC,Joelle
2021,FEMALE,WHITE NON HISPANIC,Lauren
2021,FEMALE,WHITE NON HISPANIC,Noelle
2021,FEMALE,WHITE NON HISPANIC,Leona
2021,FEMALE,WHITE NON HISPANIC,Melody
2021,FEMALE,WHITE NON HISPANIC,Mikaela
2021,FEMALE,WHITE NON HISPANIC,Rowan
2021,FEMALE,WHITE NON HISPANIC,Natalia
2021,FEMALE,WHITE NON HISPANIC,Shaina
2021,MALE,ASIAN AND PACIFIC ISLANDER,Muhammad
2021,MALE,ASIAN AND PACIFIC ISLANDER,Ethan
2021,MALE,ASIAN AND PACIFIC ISLANDER,Lucas
2021,MALE,ASIAN AND PACIFIC ISLANDER,Aiden
2021,MALE,ASIAN AND PACIFIC ISLANDER,Jasper
2021,MALE,ASIAN AND PACIFIC ISLANDER,Jayden
2021,MALE,ASIAN AND PACIFIC ISLANDER,Liam
2021,MALE,ASIAN AND PACIFIC ISLANDER,Noah
2021,MALE,ASIAN AND PACIFIC ISLANDER,Ryan
2021,MALE,ASIAN AND PACIFIC ISLANDER,Ian
2021,MALE,ASIAN AND PACIFIC ISLANDER,Aaron
2021,MALE,ASIAN AND PACIFIC ISLANDER,Nathan
2021,MALE,ASIAN AND PACIFIC ISLANDER,Oliver
2021,MALE,ASIAN AND PACIFIC ISLANDER,Austin
2021,MALE,ASIAN AND PACIFIC ISLANDER,Alexander
2021,MALE,ASIAN AND PACIFIC ISLANDER,Leo
2021,MALE,ASIAN AND PACIFIC ISLANDER,Henry
2021,MALE,ASIAN AND PACIFIC ISLANDER,Mason
2021,MALE,ASIAN AND PACIFIC ISLANDER,Theodore
2021,MALE,ASIAN AND PACIFIC ISLANDER,Arham
2021,MALE,ASIAN AND PACIFIC ISLANDER,Justin
2021,MALE,ASIAN AND PACIFIC ISLANDER,Mohammad
2021,MALE,ASIAN AND PACIFIC ISLANDER,William
2021,MALE,ASIAN AND PACIFIC ISLANDER,Jacob
2021,MALE,ASIAN AND PACIFIC ISLANDER,Miles
2021,MALE,ASIAN AND PACIFIC ISLANDER,Ayaan
2021,MALE,ASIAN AND PACIFIC ISLANDER,Daniel
2021,MALE,ASIAN AND PACIFIC ISLANDER,Evan
2021,MALE,ASIAN AND PACIFIC ISLANDER,Owen
2021,MALE,ASIAN AND PACIFIC ISLANDER,Dylan
2021,MALE,ASIAN AND PACIFIC ISLANDER,Mohammed
2021,MALE,ASIAN AND PACIFIC ISLANDER,Ibrahim
2021,MALE,ASIAN AND PACIFIC ISLANDER,Jackson
2021,MALE,ASIAN AND PACIFIC ISLANDER,Adam
2021,MALE,ASIAN AND PACIFIC ISLANDER,James
2021,MALE,ASIAN AND PACIFIC ISLANDER,Yusuf
2021,MALE,ASIAN AND PACIFIC ISLANDER,Matthew
2021,MALE,ASIAN AND PACIFIC ISLANDER,Mustafa
2021,MALE,ASIAN AND PACIFIC ISLANDER,Nathaniel
2021,MALE,ASIAN AND PACIFIC ISLANDER,Luca
2021,MALE,ASIAN AND PACIFIC ISLANDER,Benjamin
2021,MALE,ASIAN AND PACIFIC ISLANDER,Tenzin
2021,MALE,ASIAN AND PACIFIC ISLANDER,Kai
2021,MALE,ASIAN AND PACIFIC ISLANDER,Logan
2021,MALE,ASIAN AND PACIFIC ISLANDER,Musa
2021,MALE,ASIAN AND PACIFIC ISLANDER,Samuel
2021,MALE,ASIAN AND PACIFIC ISLANDER,Ayden
2021,MALE,ASIAN AND PACIFIC ISLANDER,Kyle
2021,MALE,ASIAN AND PACIFIC ISLANDER,Caleb
2021,MALE,ASIAN AND PACIFIC ISLANDER,Kayden
2021,MALE,ASIAN AND PACIFIC ISLANDER,Julian
2021,MALE,ASIAN AND PACIFIC ISLANDER,Syed
2021,MALE,ASIAN AND PACIFIC ISLANDER,Zohan
2021,MALE,ASIAN AND PACIFIC ISLANDER,Leon
2021,MALE,ASIAN AND PACIFIC ISLANDER,Maxwell
2021,MALE,ASIAN AND PACIFIC ISLANDER,Theo
2021,MALE,ASIAN AND PACIFIC ISLANDER,Eric
2021,MALE,ASIAN AND PACIFIC ISLANDER,Jason
2021,MALE,ASIAN AND PACIFIC ISLANDER,Zayan
2021,MALE,ASIAN AND PACIFIC ISLANDER,Ayan
2021,MALE,ASIAN AND PACIFIC ISLANDER,Abdullah
2021,MALE,ASIAN AND PACIFIC ISLANDER,Alex
2021,MALE,ASIAN AND PACIFIC ISLANDER,Andrew
2021,MALE,ASIAN AND PACIFIC ISLANDER,Nicholas
2021,MALE,ASIAN AND PACIFIC ISLANDER,Wesley
2021,MALE,ASIAN AND PACIFIC ISLANDER,Jonathan
2021,MALE,ASIAN AND PACIFIC ISLANDER,Louis
2021,MALE,ASIAN AND PACIFIC ISLANDER,Shayan
2021,MALE,ASIAN AND PACIFIC ISLANDER,Isaac
2021,MALE,ASIAN AND PACIFIC ISLANDER,Ivan
2021,MALE,ASIAN AND PACIFIC ISLANDER,Azaan
2021,MALE,ASIAN AND PACIFIC ISLANDER,Arjun
2021,MALE,ASIAN AND PACIFIC ISLANDER,Elijah
2021,MALE,ASIAN AND PACIFIC ISLANDER,Hamza
2021,MALE,ASIAN AND PACIFIC ISLANDER,Zachary
2021,MALE,ASIAN AND PACIFIC ISLANDER,Michael
2021,MALE,ASIAN AND PACIFIC ISLANDER,Joseph
2021,MALE,ASIAN AND PACIFIC ISLANDER,Sebastian
2021,MALE,ASIAN AND PACIFIC ISLANDER,Kiaan
2021,MALE,ASIAN AND PACIFIC ISLANDER,Jordan
2021,MALE,ASIAN AND PACIFIC ISLANDER,Aarav
2021,MALE,ASIAN AND PACIFIC ISLANDER,Eason
2021,MALE,ASIAN AND PACIFIC ISLANDER,Aryan
2021,MALE,ASIAN AND PACIFIC ISLANDER,Anthony
2021,MALE,ASIAN AND PACIFIC ISLANDER,Ashton
2021,MALE,ASIAN AND PACIFIC ISLANDER,Brian
2021,MALE,ASIAN AND PACIFIC ISLANDER,Zayn
2021,MALE,ASIAN AND PACIFIC ISLANDER,Max
2021,MALE,ASIAN AND PACIFIC ISLANDER,Omar
2021,MALE,ASIAN AND PACIFIC ISLANDER,Marcus
2021,MALE,ASIAN AND PACIFIC ISLANDER,Alan
2021,MALE,ASIAN AND PACIFIC ISLANDER,Hudson
2021,MALE,ASIAN AND PACIFIC ISLANDER,Jeremy
2021,MALE,ASIAN AND PACIFIC ISLANDER,Lincoln
2021,MALE,ASIAN AND PACIFIC ISLANDER,Thomas
2021,MALE,ASIAN AND PACIFIC ISLANDER,Ali
2021,MALE,ASIAN AND PACIFIC ISLANDER,Carter
2021,MALE,ASIAN AND PACIFIC ISLANDER,Aidan
2021,MALE,ASIAN AND PACIFIC ISLANDER,Tristan
2021,MALE,ASIAN AND PACIFIC ISLANDER,Kabir
2021,MALE,ASIAN AND PACIFIC ISLANDER,Vincent
2021,MALE,ASIAN AND PACIFIC ISLANDER,Hunter
2021,MALE,ASIAN AND PACIFIC ISLANDER,Jack
2021,MALE,ASIAN AND PACIFIC ISLANDER,Devin
2021,MALE,ASIAN AND PACIFIC ISLANDER,Christopher
2021,MALE,ASIAN AND PACIFIC ISLANDER,Connor
2021,MALE,ASIAN AND PACIFIC ISLANDER,David
